loss,val_loss
510.271728515625,493.26788330078125
506.5592041015625,489.33929443359375
502.3734130859375,485.27069091796875
497.9017639160156,480.98480224609375
495.745361328125,476.427001953125
491.2298278808594,471.5015869140625
485.3931884765625,466.1424560546875
480.6462097167969,460.3220520019531
473.0694885253906,454.0372314453125
467.2458801269531,447.3269958496094
460.1122131347656,440.24658203125
451.75,432.87933349609375
444.9654541015625,425.32965087890625
438.2268981933594,417.6937561035156
428.5270080566406,410.0567626953125
422.2672424316406,402.49920654296875
415.653076171875,395.07733154296875
414.295654296875,387.86688232421875
402.5910339355469,380.90179443359375
395.55615234375,374.2132263183594
390.6722717285156,367.8326721191406
386.7598876953125,361.7755126953125
373.8374328613281,356.04302978515625
375.8087158203125,350.6476745605469
360.8446960449219,345.5706481933594
355.6399230957031,340.8046875
351.6460266113281,336.3369140625
349.6855773925781,332.1498107910156
348.0178527832031,328.05352783203125
337.5740051269531,324.2151794433594
338.6364440917969,320.6202392578125
332.7522277832031,317.2521057128906
319.7701110839844,314.0909423828125
319.0987854003906,311.12445068359375
325.8918151855469,308.3419189453125
326.8072204589844,305.723876953125
321.6730041503906,303.25238037109375
318.0439147949219,300.9073486328125
316.6774597167969,298.6875
299.3123474121094,296.558349609375
305.1459045410156,294.5134582519531
298.6000061035156,292.53814697265625
309.6647033691406,290.63116455078125
301.553955078125,288.7751770019531
293.4089660644531,286.96282958984375
294.4563293457031,285.1896057128906
298.4112854003906,283.45135498046875
293.2920227050781,281.7441711425781
293.8963623046875,280.07196044921875
280.8094177246094,278.42864990234375
294.5838317871094,276.8189392089844
277.5048828125,275.2392578125
287.116455078125,273.69219970703125
286.41326904296875,272.174072265625
280.00146484375,270.6885986328125
282.6164855957031,269.23809814453125
274.3362731933594,267.8179931640625
279.7911376953125,266.4322814941406
274.1063232421875,265.0798034667969
277.1336669921875,263.75848388671875
275.2176818847656,262.4668884277344
275.0433654785156,261.20611572265625
265.6827087402344,259.9727783203125
274.5632629394531,258.76885986328125
274.9958801269531,257.591552734375
268.5559997558594,256.4376525878906
255.96478271484375,255.30068969726562
262.6358947753906,254.18362426757812
260.7942810058594,253.08261108398438
261.1651611328125,251.99658203125
263.0912780761719,250.9271240234375
262.8139343261719,249.87225341796875
261.6884765625,248.83102416992188
246.916748046875,247.80123901367188
246.1488800048828,246.78248596191406
259.6783142089844,245.77638244628906
257.5908203125,244.78146362304688
243.7145233154297,243.79586791992188
244.0932159423828,242.81756591796875
252.31517028808594,241.84951782226562
250.1722412109375,240.889892578125
252.3441619873047,239.93988037109375
242.9950714111328,238.99842834472656
256.5508117675781,238.06643676757812
238.01841735839844,237.14215087890625
243.7785186767578,236.22549438476562
236.10203552246094,235.31500244140625
237.77587890625,234.41043090820312
234.2626190185547,233.5123291015625
240.4894561767578,232.62149047851562
248.2054443359375,231.73817443847656
243.0613555908203,230.86192321777344
234.3917694091797,229.9915771484375
236.8470916748047,229.12615966796875
243.09619140625,228.267822265625
236.5511474609375,227.41468811035156
233.2538604736328,226.56654357910156
221.5366668701172,225.7232208251953
241.2330322265625,224.88742065429688
233.68272399902344,224.05645751953125
224.7237548828125,223.23110961914062
225.4071044921875,222.4090118408203
238.7903289794922,221.59283447265625
228.1763916015625,220.78173828125
233.4320831298828,219.97625732421875
225.46253967285156,219.1752471923828
232.0849609375,218.379638671875
232.06040954589844,217.5889892578125
228.8905029296875,216.8033447265625
232.5946502685547,216.0225830078125
221.994873046875,215.24600219726562
225.4197998046875,214.47470092773438
222.7667999267578,213.7080078125
219.4722442626953,212.94488525390625
228.75035095214844,212.18704223632812
219.0371551513672,211.43226623535156
224.59332275390625,210.6825408935547
213.23870849609375,209.936279296875
213.94691467285156,209.19302368164062
218.2707061767578,208.45480346679688
224.5548553466797,207.72027587890625
232.99658203125,206.99057006835938
217.1777801513672,206.26365661621094
211.50621032714844,205.54074096679688
210.9677734375,204.82022094726562
217.1453857421875,204.102783203125
208.3695526123047,203.38916015625
214.2801055908203,202.67852783203125
213.80235290527344,201.97152709960938
207.70166015625,201.26748657226562
202.28912353515625,200.56640625
213.46653747558594,199.86888122558594
219.3295440673828,199.175048828125
199.00035095214844,198.48220825195312
208.9834747314453,197.79144287109375
207.3474578857422,197.10409545898438
195.6035919189453,196.41900634765625
195.67726135253906,195.7357177734375
203.0530548095703,195.05569458007812
205.40394592285156,194.37835693359375
198.3137664794922,193.70346069335938
205.26434326171875,193.03250122070312
200.4027862548828,192.36524963378906
192.61915588378906,191.6997528076172
202.7877655029297,191.03717041015625
204.6357879638672,190.37753295898438
213.76881408691406,189.72140502929688
200.0535125732422,189.06748962402344
202.51588439941406,188.41705322265625
201.9048309326172,187.76898193359375
202.00360107421875,187.1236572265625
205.7799835205078,186.481201171875
205.8457489013672,185.84161376953125
192.54833984375,185.2030487060547
188.24095153808594,184.566650390625
189.38697814941406,183.93389892578125
191.49847412109375,183.30294799804688
194.3078155517578,182.67453002929688
185.02867126464844,182.0484619140625
185.918212890625,181.42518615722656
187.0594940185547,180.8041534423828
185.54486083984375,180.18511962890625
187.55686950683594,179.56736755371094
181.5802459716797,178.9517364501953
188.351806640625,178.33863830566406
184.12022399902344,177.72837829589844
190.74822998046875,177.12074279785156
176.0813751220703,176.51522827148438
190.49102783203125,175.9124755859375
178.4551544189453,175.3112335205078
189.21961975097656,174.71290588378906
189.604248046875,174.11785888671875
182.78114318847656,173.52467346191406
179.5089111328125,172.9337615966797
180.8696746826172,172.34478759765625
190.46791076660156,171.75747680664062
178.9971923828125,171.17098999023438
178.25146484375,170.58636474609375
170.0785675048828,170.00328063964844
178.6979217529297,169.42184448242188
179.06114196777344,168.84262084960938
183.42002868652344,168.26571655273438
182.03538513183594,167.6909942626953
174.94781494140625,167.1177215576172
172.4114227294922,166.54669189453125
158.60545349121094,165.976806640625
163.7278289794922,165.4087677001953
176.433837890625,164.84320068359375
171.1492462158203,164.2793426513672
181.80126953125,163.71754455566406
164.6067657470703,163.15774536132812
169.3441619873047,162.59933471679688
177.2815399169922,162.0428466796875
176.92198181152344,161.48912048339844
166.24693298339844,160.93814086914062
179.8596649169922,160.3886260986328
157.4600372314453,159.84010314941406
156.5966339111328,159.29315185546875
169.24961853027344,158.74856567382812
158.59429931640625,158.20587158203125
171.51947021484375,157.66456604003906
178.6670379638672,157.12527465820312
165.0862579345703,156.58795166015625
162.56089782714844,156.05255126953125
171.3915252685547,155.5188446044922
171.8686981201172,154.98675537109375
170.00363159179688,154.45640563964844
161.8955841064453,153.9275665283203
167.95294189453125,153.4005126953125
166.67433166503906,152.8761444091797
163.25672912597656,152.353515625
155.22166442871094,151.8324737548828
159.80406188964844,151.31234741210938
165.9632110595703,150.79405212402344
166.31658935546875,150.2773895263672
177.000732421875,149.762939453125
164.64263916015625,149.24972534179688
149.6393280029297,148.73695373535156
161.45498657226562,148.22576904296875
155.13304138183594,147.716064453125
152.5334930419922,147.2075958251953
154.0033416748047,146.7006072998047
164.8563232421875,146.19573974609375
151.42266845703125,145.69224548339844
161.6488037109375,145.19082641601562
152.62841796875,144.69119262695312
149.9698944091797,144.19302368164062
145.65396118164062,143.6964569091797
136.78538513183594,143.20114135742188
147.30015563964844,142.70782470703125
146.93553161621094,142.2159423828125
150.9440460205078,141.72604370117188
147.25177001953125,141.23727416992188
147.75621032714844,140.74996948242188
146.55062866210938,140.26416015625
153.1478271484375,139.7799072265625
155.67593383789062,139.29745483398438
139.80979919433594,138.8163604736328
147.4593048095703,138.33670043945312
139.039306640625,137.8583984375
151.585693359375,137.38192749023438
144.6874542236328,136.90737915039062
149.5257568359375,136.4341278076172
145.39686584472656,135.96218872070312
145.58323669433594,135.4914093017578
136.9274444580078,135.0220184326172
146.0806121826172,134.5536651611328
138.0017547607422,134.08645629882812
147.6604461669922,133.62066650390625
129.8213653564453,133.15585327148438
151.11370849609375,132.6930389404297
143.9758758544922,132.23175048828125
139.3592987060547,131.77264404296875
125.60797119140625,131.31541442871094
142.32826232910156,130.85977172851562
135.78977966308594,130.40533447265625
143.92042541503906,129.9519805908203
153.22604370117188,129.50003051757812
130.3416290283203,129.04933166503906
121.1319580078125,128.60000610351562
139.48040771484375,128.15206909179688
140.71910095214844,127.70512390136719
138.95169067382812,127.25920104980469
137.4059600830078,126.81483459472656
135.7905731201172,126.37187194824219
134.2942352294922,125.93091583251953
131.70404052734375,125.49142456054688
144.41026306152344,125.05316925048828
135.63113403320312,124.61634826660156
131.2281036376953,124.18063354492188
140.0037384033203,123.7458267211914
119.37518310546875,123.31239318847656
133.3297882080078,122.880126953125
122.36800384521484,122.44889068603516
144.50059509277344,122.01858520507812
129.21730041503906,121.58917236328125
127.23648834228516,121.16123962402344
128.8192596435547,120.73486328125
132.54071044921875,120.30975341796875
122.31844329833984,119.88560485839844
135.5610809326172,119.4627914428711
115.32061767578125,119.0415267944336
134.5122528076172,118.62117767333984
119.5900650024414,118.20246887207031
131.47671508789062,117.78431701660156
119.8196792602539,117.36711883544922
122.6532974243164,116.95124816894531
120.3086166381836,116.53665924072266
128.23707580566406,116.12245178222656
135.60614013671875,115.70938110351562
115.54425048828125,115.29743957519531
131.14889526367188,114.885986328125
121.02993774414062,114.47576141357422
114.61592864990234,114.067138671875
125.45639038085938,113.66006469726562
127.57512664794922,113.2542724609375
121.7274169921875,112.84956359863281
120.9192123413086,112.44674682617188
124.54157257080078,112.04499053955078
122.38138580322266,111.64459228515625
110.24502563476562,111.24510192871094
123.02267456054688,110.84680938720703
120.54959869384766,110.44898986816406
121.22002410888672,110.05184936523438
113.8018569946289,109.65621948242188
110.72440338134766,109.26217651367188
111.42733764648438,108.86959838867188
117.91858673095703,108.47867584228516
111.1324234008789,108.089111328125
112.88048553466797,107.70048522949219
120.30806732177734,107.31307983398438
110.73339080810547,106.92674255371094
115.49275970458984,106.54154205322266
118.95669555664062,106.15750122070312
103.36382293701172,105.77505493164062
118.28173828125,105.39388275146484
109.5891342163086,105.01399230957031
107.8050308227539,104.63516235351562
112.83740997314453,104.25837707519531
103.52816009521484,103.88304138183594
121.03082275390625,103.50819396972656
110.32556915283203,103.13455200195312
107.9012680053711,102.76214599609375
109.5050048828125,102.3907470703125
105.391845703125,102.0206298828125
106.90534210205078,101.65138244628906
106.69656372070312,101.28318786621094
97.21044921875,100.91682434082031
95.13919067382812,100.55201721191406
106.45569610595703,100.18759155273438
111.81291961669922,99.82405090332031
113.40520477294922,99.46138000488281
107.92342376708984,99.09954071044922
102.78509521484375,98.73968505859375
113.31604766845703,98.38055419921875
105.5042953491211,98.02262115478516
106.42840576171875,97.66549682617188
114.58841705322266,97.30891418457031
101.39828491210938,96.953369140625
98.92139434814453,96.59906768798828
92.92300415039062,96.24647521972656
103.9254379272461,95.8946762084961
98.8512191772461,95.54413604736328
104.14248657226562,95.19491577148438
90.62918853759766,94.84725189208984
100.36063385009766,94.50047302246094
102.32657623291016,94.15448760986328
96.46560668945312,93.80941772460938
98.12786102294922,93.46564483642578
96.43243408203125,93.12332153320312
93.92980194091797,92.78253936767578
100.40528106689453,92.44241333007812
93.86470794677734,92.10360717773438
108.48723602294922,91.76528930664062
111.74322509765625,91.42768859863281
102.23056030273438,91.09147644042969
89.70682525634766,90.75656127929688
87.3484878540039,90.4228515625
98.310791015625,90.0902099609375
103.9246826171875,89.75833129882812
103.59982299804688,89.42694854736328
98.28621673583984,89.09663391113281
100.4825210571289,88.76747131347656
97.0666732788086,88.4388427734375
95.10806274414062,88.11131286621094
105.48065948486328,87.7843017578125
90.78958892822266,87.45862579345703
95.19145965576172,87.13394165039062
94.70098114013672,86.81002044677734
83.60922241210938,86.48753356933594
85.71675872802734,86.16615295410156
97.12349700927734,85.84530639648438
93.2082290649414,85.52597045898438
90.47869110107422,85.20767211914062
99.4234390258789,84.88994598388672
86.38903045654297,84.57339477539062
97.57196807861328,84.25733947753906
91.14127349853516,83.94219970703125
106.17828369140625,83.62693786621094
91.02677154541016,83.3126220703125
93.98612213134766,82.9993667602539
81.1126708984375,82.687255859375
88.22750854492188,82.3759994506836
94.8056869506836,82.06512451171875
94.96027374267578,81.7550048828125
87.1567153930664,81.44618225097656
80.36383819580078,81.13864135742188
89.26611328125,80.83224487304688
82.60248565673828,80.52720642089844
87.49263763427734,80.22289276123047
88.79804229736328,79.91986083984375
90.89473724365234,79.61730194091797
96.6103515625,79.31552124023438
95.47491455078125,79.01395416259766
84.13246154785156,78.71338653564453
86.7088394165039,78.41355895996094
80.8325424194336,78.11532592773438
88.71382904052734,77.81803894042969
87.8203125,77.52144622802734
90.14446258544922,77.22520446777344
82.69580078125,76.9300537109375
87.04045867919922,76.63574981689453
74.92837524414062,76.34290313720703
87.5607681274414,76.05127716064453
89.81314849853516,75.7601089477539
82.41706848144531,75.46974182128906
92.1894760131836,75.1801986694336
77.1653823852539,74.89213562011719
76.75048065185547,74.60529327392578
75.62689208984375,74.31951904296875
71.42857360839844,74.03526306152344
87.73816680908203,73.75131225585938
72.19127655029297,73.46862030029297
85.01505279541016,73.18675231933594
80.82604217529297,72.90542602539062
79.91632843017578,72.6248779296875
78.83797454833984,72.34503936767578
75.2313461303711,72.06641387939453
74.0116195678711,71.78952026367188
82.03727722167969,71.51358032226562
87.1954345703125,71.23786926269531
87.50128173828125,70.96276092529297
82.13143157958984,70.6878890991211
66.74755859375,70.41495513916016
78.20244598388672,70.14299774169922
75.16252899169922,69.87202453613281
70.9238510131836,69.60200500488281
69.56372833251953,69.33383178710938
80.59674835205078,69.06581115722656
68.69660186767578,68.79901123046875
73.56307220458984,68.53324890136719
71.66181945800781,68.26812744140625
69.01300048828125,68.00459289550781
79.60496520996094,67.74134063720703
75.26148223876953,67.47872161865234
69.00720977783203,67.21694946289062
74.415283203125,66.95636749267578
71.44234466552734,66.69710540771484
80.53789520263672,66.43794250488281
72.65825653076172,66.1791763305664
76.26161193847656,65.92100524902344
68.49166870117188,65.66357421875
78.403564453125,65.40660095214844
67.890380859375,65.15061950683594
69.95679473876953,64.89518737792969
59.8798713684082,64.64167022705078
82.2327651977539,64.38783264160156
81.96658325195312,64.13399505615234
63.4471435546875,63.881752014160156
72.1603775024414,63.629798889160156
78.97879791259766,63.37847900390625
73.3238296508789,63.1277961730957
70.96904754638672,62.87781524658203
67.20381164550781,62.62852096557617
73.40606689453125,62.37963104248047
73.36032104492188,62.13166809082031
69.16946411132812,61.88533020019531
66.67613983154297,61.63998031616211
63.76113510131836,61.396331787109375
74.3426284790039,61.15282440185547
70.42912292480469,60.91047668457031
56.1574821472168,60.67010498046875
73.14305114746094,60.42987060546875
69.79036712646484,60.19001007080078
66.40961456298828,59.95075225830078
60.668827056884766,59.71281433105469
71.84303283691406,59.47589111328125
77.64815521240234,59.23871612548828
64.58514404296875,59.00196075439453
72.08110809326172,58.76546859741211
64.1998062133789,58.53020477294922
64.12950897216797,58.295772552490234
59.6053466796875,58.06266784667969
64.97676849365234,57.83083724975586
58.94999694824219,57.5999870300293
66.5134506225586,57.36975860595703
56.92481994628906,57.14048767089844
67.46102142333984,56.911895751953125
70.92424774169922,56.68335723876953
58.754730224609375,56.45590591430664
62.89432907104492,56.228973388671875
72.86637115478516,56.00153350830078
67.5165023803711,55.774879455566406
56.2186393737793,55.54950714111328
64.53408813476562,55.324710845947266
64.57080841064453,55.10121536254883
61.284061431884766,54.87847137451172
54.68514633178711,54.657257080078125
59.81942367553711,54.43679428100586
75.57782745361328,54.215904235839844
62.30686569213867,53.99583435058594
67.2358627319336,53.77643966674805
53.38888931274414,53.558006286621094
55.796878814697266,53.340721130371094
49.16178512573242,53.12561798095703
56.47084045410156,52.91130065917969
60.49429702758789,52.69763946533203
62.39885330200195,52.48432540893555
55.68574905395508,52.2716064453125
51.7725715637207,52.059844970703125
55.42124938964844,51.849334716796875
61.02962112426758,51.63922119140625
76.2717056274414,51.42882537841797
51.278717041015625,51.21955871582031
53.10857009887695,51.01168441772461
57.199859619140625,50.80421447753906
61.31296920776367,50.59709167480469
65.70540618896484,50.38996887207031
55.06376647949219,50.18362045288086
52.15046310424805,49.97867202758789
57.581546783447266,49.774085998535156
52.00556564331055,49.57038879394531
53.57304382324219,49.36729431152344
56.41677474975586,49.16493606567383
50.68373489379883,48.963890075683594
61.43326950073242,48.763916015625
56.564056396484375,48.56379699707031
63.84223937988281,48.363502502441406
56.21217727661133,48.1636848449707
42.21988296508789,47.96600341796875
46.744598388671875,47.76971435546875
50.03850173950195,47.574485778808594
63.55229568481445,47.378173828125
52.17368698120117,47.1822509765625
55.89444351196289,46.986427307128906
53.67362594604492,46.79116439819336
55.653900146484375,46.596275329589844
49.21510696411133,46.40232849121094
53.38529968261719,46.20897674560547
45.4785041809082,46.017059326171875
57.080291748046875,45.82682800292969
53.62929916381836,45.63749694824219
52.19904708862305,45.448265075683594
43.541839599609375,45.2609748840332
46.50617980957031,45.074676513671875
59.585140228271484,44.888031005859375
50.41830062866211,44.702308654785156
53.34587478637695,44.51708221435547
47.78425598144531,44.33302688598633
44.67209243774414,44.15024948120117
52.47068405151367,43.96752166748047
42.338462829589844,43.786102294921875
49.50259780883789,43.60485076904297
45.711639404296875,43.424983978271484
39.25703048706055,43.247169494628906
53.18169021606445,43.06868362426758
48.73716354370117,42.89039611816406
46.2406120300293,42.712791442871094
53.65751266479492,42.53510284423828
52.6291389465332,42.35773468017578
45.557708740234375,42.18126678466797
50.019256591796875,42.00493240356445
42.990047454833984,41.82982635498047
58.53104782104492,41.6546745300293
41.55807113647461,41.480621337890625
45.27669143676758,41.307716369628906
46.127254486083984,41.13539505004883
53.20732498168945,40.962890625
49.10517501831055,40.79081726074219
49.84702682495117,40.61906433105469
45.66170120239258,40.448421478271484
43.03924560546875,40.278663635253906
50.85309982299805,40.108612060546875
43.77529525756836,39.93933868408203
50.83271408081055,39.77005386352539
42.28390884399414,39.60206985473633
54.160404205322266,39.434532165527344
49.34559631347656,39.2673225402832
48.5576171875,39.1003532409668
47.968868255615234,38.93412780761719
40.22903060913086,38.769100189208984
39.58046340942383,38.605125427246094
50.26898193359375,38.44116973876953
47.77663803100586,38.2774772644043
56.53386306762695,38.113494873046875
48.72903823852539,37.94997024536133
41.22819137573242,37.787620544433594
30.62685203552246,37.62763977050781
49.096195220947266,37.46735763549805
44.00942611694336,37.307861328125
40.648197174072266,37.149513244628906
46.97600173950195,36.99116134643555
36.43336868286133,36.83403778076172
46.78607177734375,36.67665100097656
50.8858642578125,36.51860809326172
49.92258834838867,36.36003875732422
41.75035095214844,36.20244598388672
36.86699295043945,36.046138763427734
51.41856002807617,35.88888931274414
48.218658447265625,35.7315673828125
39.16926956176758,35.575469970703125
40.070987701416016,35.420570373535156
45.55116653442383,35.266014099121094
44.84999465942383,35.11214065551758
43.89262390136719,34.95857620239258
45.77132797241211,34.804832458496094
50.8558349609375,34.65101623535156
39.042144775390625,34.498085021972656
40.72307205200195,34.3461799621582
54.06696701049805,34.19377136230469
37.345577239990234,34.042457580566406
54.477787017822266,33.89054870605469
46.5745964050293,33.738800048828125
44.70869827270508,33.58761215209961
43.86178970336914,33.437339782714844
39.004268646240234,33.28810119628906
41.72706985473633,33.140159606933594
37.74961853027344,32.99289321899414
36.91436767578125,32.8470344543457
42.043212890625,32.7020378112793
33.736698150634766,32.558860778808594
35.05088806152344,32.416900634765625
34.042842864990234,32.276123046875
31.867067337036133,32.136451721191406
38.83784103393555,31.9970645904541
48.374267578125,31.85696792602539
39.74280548095703,31.717697143554688
30.36455726623535,31.57955551147461
35.55430221557617,31.44264030456543
37.38493728637695,31.305988311767578
43.91239547729492,31.169790267944336
33.53900146484375,31.034683227539062
48.58030319213867,30.899009704589844
34.37770080566406,30.764694213867188
42.791961669921875,30.62957000732422
42.06521224975586,30.494237899780273
40.47860336303711,30.359094619750977
35.44795227050781,30.224365234375
39.560977935791016,30.090240478515625
27.28563690185547,29.958343505859375
25.161401748657227,29.829130172729492
40.09897994995117,29.69916534423828
31.199235916137695,29.570556640625
36.99160385131836,29.442886352539062
30.39919090270996,29.315631866455078
42.67939376831055,29.187557220458984
37.33363723754883,29.059480667114258
35.157779693603516,28.93172836303711
33.61701583862305,28.804443359375
34.46141815185547,28.677160263061523
36.85533905029297,28.55042839050293
34.96561813354492,28.423938751220703
33.49354553222656,28.298585891723633
37.704532623291016,28.17292022705078
29.429824829101562,28.048503875732422
30.229019165039062,27.924604415893555
26.441865921020508,27.801921844482422
28.666345596313477,27.68032455444336
39.812599182128906,27.558202743530273
29.790346145629883,27.436386108398438
49.916900634765625,27.313447952270508
29.28083038330078,27.19129180908203
28.941560745239258,27.069725036621094
38.39773941040039,26.947803497314453
29.946767807006836,26.826541900634766
33.410335540771484,26.705657958984375
32.31399917602539,26.585683822631836
30.59532356262207,26.466419219970703
24.99608612060547,26.348464965820312
30.3830509185791,26.231399536132812
33.6673469543457,26.114309310913086
35.04581832885742,25.996910095214844
34.36899948120117,25.879735946655273
28.683738708496094,25.763324737548828
29.91462516784668,25.64739227294922
25.731481552124023,25.53268051147461
23.152801513671875,25.419185638427734
32.60234451293945,25.305500030517578
37.58059310913086,25.191730499267578
29.441858291625977,25.07887077331543
26.231521606445312,24.96702766418457
28.682968139648438,24.855987548828125
33.62781524658203,24.745271682739258
30.47081756591797,24.634443283081055
23.025949478149414,24.525127410888672
35.56327819824219,24.415111541748047
27.722585678100586,24.306137084960938
33.26813888549805,24.197078704833984
37.09196090698242,24.08757209777832
38.854984283447266,23.97841453552246
38.214900970458984,23.868820190429688
30.151443481445312,23.759538650512695
39.083229064941406,23.649314880371094
36.431461334228516,23.539003372192383
32.42819595336914,23.42947006225586
34.34457778930664,23.3196964263916
32.817386627197266,23.210071563720703
30.770925521850586,23.10094451904297
36.245025634765625,22.992008209228516
39.6057243347168,22.882917404174805
22.955209732055664,22.77536392211914
25.23307228088379,22.669231414794922
28.7053279876709,22.56374740600586
25.503232955932617,22.458904266357422
32.52750015258789,22.35359001159668
29.209197998046875,22.248798370361328
30.993972778320312,22.14397430419922
29.699411392211914,22.040332794189453
24.27805519104004,21.93777084350586
25.00238609313965,21.836198806762695
27.428422927856445,21.735029220581055
26.72907829284668,21.634525299072266
25.734174728393555,21.534595489501953
27.95476531982422,21.435529708862305
34.40556716918945,21.336585998535156
39.1614875793457,21.236370086669922
25.858671188354492,21.137327194213867
31.76641273498535,21.037729263305664
21.25966453552246,20.939708709716797
22.626251220703125,20.843446731567383
20.402734756469727,20.74899673461914
24.891084671020508,20.654949188232422
27.08699607849121,20.561676025390625
24.712539672851562,20.468936920166016
25.260854721069336,20.376022338867188
20.335498809814453,20.284297943115234
23.579572677612305,20.193058013916016
25.699979782104492,20.102951049804688
32.0720329284668,20.012306213378906
25.7139949798584,19.922077178955078
30.365976333618164,19.831451416015625
27.963272094726562,19.741138458251953
28.80322265625,19.650314331054688
26.456064224243164,19.560009002685547
30.27263832092285,19.469356536865234
27.39429473876953,19.379119873046875
26.24656867980957,19.289039611816406
27.03377342224121,19.199256896972656
22.415937423706055,19.110469818115234
28.95265769958496,19.021987915039062
22.38911247253418,18.934566497802734
17.30076026916504,18.848552703857422
26.30401611328125,18.762914657592773
31.11075782775879,18.676170349121094
22.796144485473633,18.589900970458984
23.882722854614258,18.504112243652344
24.89861297607422,18.41858673095703
29.5953311920166,18.33212661743164
20.133207321166992,18.246837615966797
19.17655372619629,18.162521362304688
23.30304527282715,18.07842254638672
21.7929744720459,17.994354248046875
22.362777709960938,17.9110107421875
23.70882225036621,17.828407287597656
20.773151397705078,17.746997833251953
25.20598602294922,17.66546058654785
24.08776092529297,17.583446502685547
18.355722427368164,17.502180099487305
18.343660354614258,17.423065185546875
21.452009201049805,17.344440460205078
23.561355590820312,17.266389846801758
25.198110580444336,17.188209533691406
21.02366065979004,17.11077117919922
22.838958740234375,17.034034729003906
19.09356117248535,16.95793342590332
21.372697830200195,16.88199234008789
26.226049423217773,16.805282592773438
27.633398056030273,16.727493286132812
26.227638244628906,16.64942741394043
22.42106819152832,16.571353912353516
22.850385665893555,16.493722915649414
12.320199012756348,16.418697357177734
18.91628074645996,16.343900680541992
28.815093994140625,16.26824378967285
17.736083984375,16.192996978759766
25.9453125,16.117328643798828
26.909578323364258,16.041114807128906
17.105432510375977,15.966226577758789
23.17732048034668,15.890835762023926
14.094325065612793,15.81706428527832
26.871185302734375,15.742264747619629
17.019716262817383,15.668325424194336
19.845659255981445,15.594808578491211
28.282201766967773,15.520467758178711
22.662324905395508,15.44681167602539
24.5427188873291,15.372610092163086
29.579694747924805,15.297819137573242
24.321996688842773,15.222999572753906
24.96598243713379,15.148412704467773
16.82234001159668,15.074634552001953
19.438180923461914,15.001216888427734
19.12785530090332,14.92868423461914
22.17572021484375,14.856644630432129
25.02016258239746,14.785037994384766
17.053693771362305,14.714544296264648
13.990387916564941,14.645170211791992
16.514028549194336,14.576753616333008
18.860153198242188,14.508227348327637
24.841028213500977,14.438962936401367
29.692075729370117,14.369256019592285
21.37510108947754,14.299814224243164
17.84470558166504,14.230888366699219
17.922780990600586,14.16309642791748
19.215044021606445,14.095521926879883
14.547640800476074,14.029350280761719
15.043426513671875,13.963600158691406
18.761398315429688,13.898305892944336
20.19542694091797,13.833486557006836
19.543546676635742,13.76896858215332
18.49453353881836,13.704580307006836
15.626579284667969,13.640546798706055
21.9649715423584,13.577167510986328
25.14299964904785,13.513594627380371
14.159581184387207,13.450723648071289
15.296244621276855,13.388246536254883
22.01149559020996,13.326725006103516
16.515544891357422,13.266011238098145
23.724822998046875,13.204106330871582
19.53910255432129,13.142242431640625
15.344569206237793,13.081361770629883
19.422313690185547,13.020182609558105
16.588571548461914,12.959028244018555
20.443809509277344,12.897418975830078
21.804441452026367,12.83580207824707
19.459867477416992,12.77517032623291
13.466158866882324,12.715587615966797
15.074077606201172,12.657468795776367
12.811775207519531,12.600858688354492
12.48743724822998,12.545011520385742
18.712810516357422,12.489358901977539
16.380544662475586,12.43359088897705
17.788671493530273,12.377628326416016
18.497543334960938,12.321449279785156
14.037993431091309,12.265727996826172
17.45966911315918,12.210606575012207
13.655200004577637,12.15584945678711
22.809743881225586,12.100568771362305
17.573415756225586,12.045466423034668
18.67820167541504,11.990668296813965
25.080978393554688,11.93515682220459
18.749441146850586,11.879462242126465
15.420601844787598,11.823657989501953
12.698326110839844,11.768390655517578
13.319518089294434,11.713705062866211
15.230171203613281,11.658926010131836
14.267203330993652,11.604960441589355
8.852287292480469,11.55258846282959
12.570351600646973,11.50086784362793
12.081459045410156,11.44916820526123
17.63982582092285,11.397111892700195
20.815473556518555,11.344791412353516
21.824190139770508,11.29163932800293
13.868664741516113,11.2388277053833
22.012319564819336,11.185613632202148
12.776738166809082,11.132678031921387
19.952049255371094,11.079374313354492
19.435518264770508,11.0259428024292
17.928743362426758,10.972677230834961
22.8098201751709,10.918903350830078
17.016876220703125,10.866056442260742
19.609159469604492,10.812934875488281
14.389813423156738,10.760494232177734
15.488680839538574,10.708539962768555
9.785602569580078,10.657291412353516
14.516888618469238,10.605866432189941
20.002538681030273,10.5545015335083
17.951454162597656,10.503540992736816
14.090774536132812,10.453075408935547
16.37184715270996,10.403453826904297
10.095301628112793,10.354753494262695
14.737689018249512,10.306278228759766
10.464333534240723,10.258877754211426
9.513643264770508,10.212157249450684
12.700000762939453,10.165675163269043
17.249265670776367,10.118941307067871
21.980432510375977,10.07127857208252
11.982745170593262,10.02511978149414
24.112329483032227,9.977495193481445
15.913809776306152,9.929595947265625
16.758222579956055,9.882186889648438
18.999025344848633,9.83615493774414
8.468035697937012,9.791229248046875
14.199553489685059,9.7464599609375
12.966221809387207,9.702168464660645
12.424163818359375,9.658048629760742
11.6421537399292,9.614090919494629
14.933906555175781,9.569910049438477
14.573105812072754,9.525594711303711
9.546002388000488,9.482086181640625
10.914881706237793,9.438604354858398
13.69210433959961,9.395410537719727
13.771453857421875,9.353046417236328
16.39625358581543,9.310456275939941
13.43183422088623,9.267412185668945
13.825770378112793,9.225162506103516
17.864608764648438,9.18301010131836
16.16187858581543,9.140460014343262
20.088132858276367,9.097309112548828
12.283580780029297,9.055715560913086
11.067039489746094,9.014714241027832
11.266192436218262,8.973950386047363
11.16541576385498,8.933828353881836
17.866491317749023,8.892707824707031
15.688274383544922,8.851837158203125
16.747697830200195,8.811074256896973
17.669641494750977,8.769566535949707
12.166141510009766,8.728446960449219
14.464688301086426,8.686836242675781
11.822097778320312,8.645984649658203
17.084199905395508,8.604637145996094
10.490689277648926,8.564069747924805
13.028018951416016,8.524359703063965
7.490912914276123,8.485763549804688
14.389748573303223,8.446914672851562
9.509910583496094,8.409174919128418
13.0006685256958,8.371160507202148
9.554354667663574,8.334693908691406
15.67625904083252,8.29738998413086
14.620265007019043,8.25930404663086
13.161662101745605,8.221057891845703
9.573508262634277,8.183121681213379
13.89053726196289,8.144796371459961
12.029231071472168,8.106406211853027
18.179420471191406,8.067481994628906
12.089042663574219,8.028914451599121
7.378673553466797,7.9917426109313965
9.83359432220459,7.955280303955078
19.17642593383789,7.917903900146484
10.536288261413574,7.881016731262207
8.624584197998047,7.84526252746582
11.863848686218262,7.809442043304443
11.389397621154785,7.774228096008301
11.625020027160645,7.739482879638672
10.781105995178223,7.704668045043945
10.685532569885254,7.670293807983398
11.589472770690918,7.636706352233887
13.077607154846191,7.603753089904785
11.046661376953125,7.571342945098877
11.518868446350098,7.53892707824707
9.905608177185059,7.507094383239746
16.982501983642578,7.474800109863281
7.260827541351318,7.443291664123535
18.85472297668457,7.410849094390869
11.66784381866455,7.377998352050781
8.348481178283691,7.346190452575684
9.109026908874512,7.31423282623291
15.083404541015625,7.281622886657715
6.09729528427124,7.249551773071289
12.542977333068848,7.217175483703613
12.723441123962402,7.185576438903809
9.759566307067871,7.15414571762085
18.014631271362305,7.121862888336182
17.44851303100586,7.088852882385254
8.199540138244629,7.0563859939575195
11.720025062561035,7.023758411407471
15.352783203125,6.991266250610352
5.8762383460998535,6.960282325744629
6.281875133514404,6.930169105529785
9.1270170211792,6.900717735290527
14.75274658203125,6.870146751403809
17.032533645629883,6.839642524719238
11.19350814819336,6.808415412902832
8.312338829040527,6.7777323722839355
9.115517616271973,6.747561454772949
13.035961151123047,6.717972755432129
18.198345184326172,6.687230587005615
13.649931907653809,6.656012535095215
14.33707046508789,6.624476909637451
14.048981666564941,6.593730926513672
6.4979095458984375,6.563923358917236
12.898465156555176,6.5341033935546875
11.266068458557129,6.5049614906311035
15.185463905334473,6.475589752197266
13.19792652130127,6.446084976196289
9.957172393798828,6.416248321533203
7.337955474853516,6.387673377990723
9.365558624267578,6.359074115753174
8.070271492004395,6.331328392028809
10.599525451660156,6.30377197265625
10.438313484191895,6.2762627601623535
10.008275032043457,6.2493462562561035
16.11455726623535,6.221420764923096
10.457327842712402,6.193686485290527
14.997305870056152,6.165231704711914
7.589456081390381,6.137582778930664
11.103225708007812,6.110235691070557
8.0950288772583,6.0836663246154785
9.56281566619873,6.056870460510254
11.141654014587402,6.029771327972412
12.857311248779297,6.003559589385986
10.170945167541504,5.977635860443115
9.099846839904785,5.951141357421875
15.535054206848145,5.924000263214111
8.424347877502441,5.897198677062988
16.85304832458496,5.870091915130615
11.322413444519043,5.843249320983887
10.664835929870605,5.816937446594238
6.653100490570068,5.791743755340576
19.510108947753906,5.766824245452881
9.020037651062012,5.741675853729248
7.050941467285156,5.717297554016113
10.460765838623047,5.6928863525390625
14.672986030578613,5.668139457702637
7.979849338531494,5.643768310546875
9.386290550231934,5.619962692260742
5.426261901855469,5.596918106079102
10.640707969665527,5.573617935180664
5.870141983032227,5.55155086517334
7.964766025543213,5.529282569885254
10.206756591796875,5.506733417510986
15.406818389892578,5.482992649078369
8.712494850158691,5.459270000457764
13.60429859161377,5.435301303863525
10.67286205291748,5.411602973937988
7.807407379150391,5.389406681060791
9.638052940368652,5.367128849029541
9.935742378234863,5.345446586608887
7.566549301147461,5.323718547821045
10.977923393249512,5.301703929901123
6.932907581329346,5.279653549194336
9.202433586120605,5.257805347442627
9.7135648727417,5.2362518310546875
10.97411823272705,5.214717864990234
6.382578372955322,5.19378662109375
11.960746765136719,5.172196388244629
7.163401126861572,5.151131629943848
13.620814323425293,5.128899097442627
14.57332706451416,5.1059675216674805
4.459449291229248,5.083642482757568
13.027161598205566,5.061245918273926
11.00635051727295,5.038969039916992
11.750152587890625,5.017253875732422
13.485954284667969,4.995151996612549
13.421168327331543,4.973363399505615
7.643226623535156,4.9514970779418945
9.712808609008789,4.930718898773193
8.939038276672363,4.910559177398682
9.68946361541748,4.889914512634277
6.409889221191406,4.869854927062988
11.268811225891113,4.8499932289123535
11.25067138671875,4.830078601837158
10.297771453857422,4.810066223144531
10.896401405334473,4.790258407592773
11.301192283630371,4.770294189453125
7.057471752166748,4.750437259674072
11.205185890197754,4.730663299560547
10.594500541687012,4.711045265197754
10.088722229003906,4.690964698791504
15.821075439453125,4.670248985290527
9.58691120147705,4.649709701538086
5.08136510848999,4.630290508270264
7.740584850311279,4.610722541809082
7.171694278717041,4.591658592224121
5.54535436630249,4.572603702545166
4.75174617767334,4.554869174957275
8.138915061950684,4.5376811027526855
5.874705791473389,4.520805358886719
5.837632656097412,4.505059242248535
7.139915943145752,4.489948749542236
7.045007228851318,4.4751482009887695
7.681236743927002,4.460422039031982
5.223634243011475,4.445725440979004
10.32273006439209,4.430514812469482
8.880908012390137,4.414815902709961
7.777523040771484,4.398879528045654
8.094488143920898,4.382680892944336
10.22724437713623,4.366357326507568
9.6909761428833,4.349513053894043
7.1388325691223145,4.333536148071289
7.263261795043945,4.318302631378174
7.661655902862549,4.3030619621276855
10.24506664276123,4.288334369659424
8.083429336547852,4.2737555503845215
13.467543601989746,4.2588043212890625
11.61046314239502,4.243391990661621
6.7841033935546875,4.227915287017822
11.04195499420166,4.211817741394043
11.249656677246094,4.195773124694824
9.187332153320312,4.179705619812012
8.368338584899902,4.1637492179870605
16.596336364746094,4.147472381591797
4.870611667633057,4.131632328033447
10.543936729431152,4.115803241729736
4.358909606933594,4.100531578063965
5.103659629821777,4.085586071014404
9.091872215270996,4.070405960083008
6.82415246963501,4.055968284606934
5.361466884613037,4.042097568511963
6.66370964050293,4.028253078460693
6.096604824066162,4.014767646789551
7.985071659088135,4.001245498657227
12.795260429382324,3.986931562423706
6.370828151702881,3.972261905670166
10.78852367401123,3.956935405731201
10.87125015258789,3.941168785095215
15.901265144348145,3.9253013134002686
8.825545310974121,3.909672737121582
9.050477981567383,3.8946218490600586
7.314835071563721,3.880296468734741
13.784446716308594,3.865654945373535
5.695051193237305,3.851624011993408
4.877735137939453,3.838222026824951
6.957025051116943,3.8242716789245605
7.116328716278076,3.8106417655944824
9.001797676086426,3.797264575958252
11.229416847229004,3.783302068710327
5.485109329223633,3.769822597503662
11.418403625488281,3.7560386657714844
9.454329490661621,3.742192029953003
9.845227241516113,3.7283170223236084
8.290985107421875,3.7144181728363037
6.391467571258545,3.701415538787842
12.625511169433594,3.687758445739746
14.47582721710205,3.673579454421997
7.453763484954834,3.6594114303588867
5.710592746734619,3.6458520889282227
7.865942478179932,3.632033348083496
8.609785079956055,3.6181583404541016
8.193365097045898,3.6044535636901855
7.173409938812256,3.591527223587036
5.764398097991943,3.5786032676696777
6.243186950683594,3.5657310485839844
3.848597288131714,3.5533957481384277
11.066996574401855,3.540628671646118
3.753728151321411,3.528613567352295
2.608217477798462,3.5177814960479736
13.92474365234375,3.505505084991455
6.778385162353516,3.4937186241149902
8.139827728271484,3.4815165996551514
9.762600898742676,3.4691097736358643
7.01704216003418,3.4577982425689697
5.201867580413818,3.4471282958984375
10.211128234863281,3.436385154724121
10.781364440917969,3.425191879272461
8.238959312438965,3.413980007171631
15.426716804504395,3.402153730392456
7.923323154449463,3.3902716636657715
9.879302978515625,3.378659248352051
15.460196495056152,3.3668088912963867
12.499214172363281,3.3549633026123047
9.618842124938965,3.343475580215454
10.146645545959473,3.3318474292755127
6.707839488983154,3.3204479217529297
7.66522216796875,3.309081554412842
7.522571563720703,3.2977023124694824
7.540637969970703,3.286799430847168
9.865511894226074,3.2752392292022705
9.811787605285645,3.2638754844665527
8.792566299438477,3.252532720565796
3.148637056350708,3.242055892944336
11.1212739944458,3.2316970825195312
10.520968437194824,3.2213122844696045
8.120940208435059,3.2113778591156006
6.507052898406982,3.2021260261535645
7.151060581207275,3.193218231201172
5.730809688568115,3.184072494506836
7.98013162612915,3.17545485496521
8.442036628723145,3.1666970252990723
6.15880012512207,3.1575253009796143
7.8471856117248535,3.148345470428467
4.180664539337158,3.1395487785339355
5.845792293548584,3.130662441253662
9.772849082946777,3.1210758686065674
6.3961920738220215,3.111969470977783
10.9088716506958,3.102243185043335
6.7087626457214355,3.0921177864074707
7.892664432525635,3.0818395614624023
11.65027141571045,3.0708742141723633
10.656509399414062,3.05949068069458
4.241894245147705,3.0484812259674072
7.472181797027588,3.037224054336548
12.34880542755127,3.0267341136932373
11.189166069030762,3.016986608505249
5.463237762451172,3.0075607299804688
11.396920204162598,2.998032331466675
4.551294803619385,2.9887475967407227
7.756319522857666,2.9797632694244385
3.894986867904663,2.9714651107788086
13.603763580322266,2.9624810218811035
3.570020914077759,2.9539811611175537
7.44187593460083,2.945222854614258
3.128917932510376,2.9365622997283936
5.486443042755127,2.9281179904937744
11.746121406555176,2.9189133644104004
6.1725335121154785,2.909679651260376
7.620842456817627,2.901031017303467
9.659648895263672,2.8922111988067627
3.3967936038970947,2.8837978839874268
6.216794967651367,2.8756561279296875
10.711963653564453,2.867065191268921
11.697044372558594,2.8581790924072266
7.259335994720459,2.8499398231506348
6.096450328826904,2.8412678241729736
9.67008113861084,2.832573890686035
10.310614585876465,2.8239505290985107
6.545846462249756,2.815462112426758
11.026328086853027,2.8066177368164062
10.217854499816895,2.797912836074829
6.590402126312256,2.789578676223755
5.916553497314453,2.781527042388916
5.24322509765625,2.7733044624328613
6.351586818695068,2.765155792236328
7.526251316070557,2.7568836212158203
7.305284023284912,2.74912691116333
10.490995407104492,2.741100549697876
14.079955101013184,2.7329955101013184
12.304210662841797,2.7245795726776123
7.141923427581787,2.716073989868164
9.4208345413208,2.7078969478607178
12.46127986907959,2.6998093128204346
7.881298065185547,2.691563129425049
6.363353729248047,2.683427333831787
7.903372287750244,2.6755943298339844
13.630303382873535,2.6677534580230713
3.4052183628082275,2.6605758666992188
9.6158447265625,2.653244733810425
5.579977512359619,2.6460468769073486
9.329817771911621,2.638986110687256
7.219099044799805,2.632050037384033
6.841556072235107,2.625044584274292
14.191475868225098,2.6178019046783447
10.884997367858887,2.6105079650878906
2.736264228820801,2.60394024848938
5.073888301849365,2.597254753112793
7.361970901489258,2.590510129928589
4.575650691986084,2.583915948867798
4.234556198120117,2.577702283859253
5.215878009796143,2.57126784324646
10.647871971130371,2.5650157928466797
6.669400691986084,2.558727979660034
10.137056350708008,2.5523805618286133
4.510643005371094,2.547107219696045
6.542522430419922,2.5421066284179688
5.6184210777282715,2.5372843742370605
6.768150806427002,2.532691240310669
3.1032094955444336,2.5283713340759277
6.4175639152526855,2.5241403579711914
7.573036193847656,2.5192222595214844
5.477694034576416,2.513848304748535
9.942015647888184,2.5080785751342773
7.845034122467041,2.5019752979278564
8.058756828308105,2.495785713195801
7.544740200042725,2.4898617267608643
5.7026214599609375,2.483736991882324
8.778756141662598,2.477633476257324
5.877767562866211,2.4715611934661865
9.029962539672852,2.46498966217041
12.16498851776123,2.457916498184204
11.164593696594238,2.4507265090942383
7.917917728424072,2.4436771869659424
4.142192840576172,2.437164783477783
2.5439631938934326,2.4310102462768555
4.965543746948242,2.4249348640441895
6.908488750457764,2.4189822673797607
7.949577808380127,2.4131479263305664
8.507123947143555,2.407477617263794
4.567154407501221,2.4018256664276123
7.313767910003662,2.3961706161499023
6.252166748046875,2.3905093669891357
4.361690998077393,2.385469675064087
4.322666168212891,2.380519151687622
5.497285842895508,2.3762917518615723
9.225375175476074,2.3718950748443604
7.733429431915283,2.367176055908203
5.2608256340026855,2.362452507019043
6.5094685554504395,2.3575761318206787
9.042709350585938,2.3525795936584473
8.688785552978516,2.347491979598999
15.504839897155762,2.341679334640503
11.980284690856934,2.335679531097412
3.7611896991729736,2.3300392627716064
5.904275894165039,2.3244264125823975
9.222702026367188,2.3196253776550293
7.5739521980285645,2.3146467208862305
6.082794666290283,2.3100790977478027
14.463091850280762,2.305295467376709
6.530248165130615,2.300342321395874
5.947429656982422,2.295393466949463
2.104182004928589,2.2908544540405273
5.035760402679443,2.2866790294647217
5.300801753997803,2.282153367996216
7.282024383544922,2.277677059173584
3.8365726470947266,2.273402690887451
6.704494476318359,2.269122362136841
7.322502136230469,2.2646844387054443
4.011863708496094,2.2602996826171875
11.904547691345215,2.2556748390197754
4.803522109985352,2.251180648803711
5.100403308868408,2.2466800212860107
3.896641969680786,2.2420735359191895
3.367915391921997,2.237945318222046
5.296163558959961,2.234337568283081
10.285354614257812,2.230397939682007
6.509515762329102,2.2260499000549316
7.965378284454346,2.22202467918396
5.9836859703063965,2.2188169956207275
6.710636138916016,2.215782880783081
5.651678085327148,2.2126951217651367
4.774677276611328,2.209529161453247
4.253291130065918,2.2061166763305664
6.335210800170898,2.2022993564605713
7.5695953369140625,2.19905161857605
5.289026737213135,2.1956326961517334
6.947694301605225,2.19217848777771
7.912397861480713,2.1889824867248535
4.4803571701049805,2.186408519744873
4.56527853012085,2.1841092109680176
8.701452255249023,2.1821610927581787
4.495361328125,2.180131673812866
5.856229782104492,2.1781957149505615
4.185292720794678,2.1759419441223145
6.398504257202148,2.1738011837005615
4.395522594451904,2.172100067138672
4.651454925537109,2.1707794666290283
2.4421980381011963,2.169677495956421
1.4964529275894165,2.168713092803955
5.381518840789795,2.1675119400024414
7.877596378326416,2.167029857635498
10.028456687927246,2.1661887168884277
8.102614402770996,2.165249824523926
4.444334983825684,2.164072036743164
6.515095233917236,2.1625280380249023
6.96737813949585,2.1606643199920654
6.650247573852539,2.1587791442871094
6.6905035972595215,2.15720272064209
7.0094733238220215,2.155458450317383
5.48260498046875,2.153514862060547
7.594313144683838,2.1516499519348145
4.9431281089782715,2.1491403579711914
8.674911499023438,2.147022247314453
10.613524436950684,2.1447949409484863
9.505688667297363,2.1424624919891357
8.879650115966797,2.1402347087860107
2.1809678077697754,2.1381914615631104
4.256687164306641,2.13664174079895
6.921170711517334,2.1350932121276855
5.3293070793151855,2.133695602416992
5.46887731552124,2.132032632827759
8.976081848144531,2.1300437450408936
3.329561948776245,2.127809524536133
9.897199630737305,2.125265598297119
5.117185115814209,2.122769832611084
9.29611873626709,2.12056303024292
6.6761016845703125,2.1181836128234863
8.11688232421875,2.1160407066345215
9.38438606262207,2.1135075092315674
8.09621524810791,2.1108052730560303
3.937913179397583,2.108038902282715
2.4762723445892334,2.105985641479492
4.670804500579834,2.1038167476654053
7.80740213394165,2.1016547679901123
9.94207763671875,2.099182605743408
6.091885089874268,2.096423387527466
7.1885223388671875,2.0938868522644043
3.1752872467041016,2.0912303924560547
13.440834999084473,2.0882391929626465
5.141179084777832,2.0858170986175537
6.42196798324585,2.083423137664795
6.055657863616943,2.0813913345336914
6.197603702545166,2.078937530517578
7.445521831512451,2.077097177505493
8.974453926086426,2.0748393535614014
3.5512096881866455,2.0724432468414307
10.338357925415039,2.0697622299194336
4.517714977264404,2.0673348903656006
3.37613582611084,2.06546688079834
4.519837856292725,2.0635952949523926
9.920917510986328,2.061612367630005
4.998765468597412,2.059670925140381
5.5915961265563965,2.05763840675354
4.809543132781982,2.055680274963379
7.173733234405518,2.0533947944641113
3.7442426681518555,2.051698923110962
5.945184707641602,2.050248622894287
6.264665603637695,2.04824161529541
6.126539707183838,2.04596209526062
5.726952075958252,2.043433666229248
8.790191650390625,2.040844440460205
4.486034870147705,2.038644313812256
5.926614284515381,2.0362000465393066
2.5673868656158447,2.0342588424682617
10.599425315856934,2.0322470664978027
8.8215913772583,2.030118465423584
5.232472896575928,2.028158187866211
4.463408946990967,2.026752233505249
4.244405269622803,2.0256261825561523
6.1277289390563965,2.024168014526367
10.306750297546387,2.022646427154541
2.0441250801086426,2.021153688430786
6.126101016998291,2.019559860229492
11.826026916503906,2.0175325870513916
5.2307515144348145,2.015942096710205
6.790647983551025,2.0144143104553223
4.939363956451416,2.0130233764648438
6.432002544403076,2.011363983154297
9.328957557678223,2.0095596313476562
5.781324863433838,2.0074551105499268
8.98474407196045,2.005000591278076
3.6754000186920166,2.002946138381958
4.040499210357666,2.0009357929229736
7.065374374389648,1.9989954233169556
4.956024169921875,1.9968754053115845
4.13975715637207,1.9954711198806763
5.232766628265381,1.9941935539245605
2.8957812786102295,1.993180274963379
10.380847930908203,1.9921631813049316
5.513892650604248,1.991235375404358
10.333651542663574,1.9900588989257812
9.994644165039062,1.9882915019989014
5.057947158813477,1.9867826700210571
5.760003566741943,1.9857325553894043
6.230287075042725,1.9842805862426758
8.73522663116455,1.982164740562439
7.5615763664245605,1.980385661125183
6.416218280792236,1.978694200515747
5.790403842926025,1.977097988128662
5.221124172210693,1.9755476713180542
5.883657932281494,1.9746012687683105
4.709024429321289,1.9738911390304565
6.754058837890625,1.9735009670257568
8.617836952209473,1.9728807210922241
8.074006080627441,1.9720561504364014
6.174083232879639,1.9710915088653564
7.720719814300537,1.9700900316238403
5.070881366729736,1.9689608812332153
8.341994285583496,1.9669573307037354
5.662322521209717,1.9654045104980469
10.7400541305542,1.9636588096618652
4.430782318115234,1.9616906642913818
5.051043510437012,1.9597339630126953
3.649132013320923,1.9576480388641357
6.411854267120361,1.9554932117462158
2.104236364364624,1.9534118175506592
7.337099552154541,1.951295256614685
5.3067946434021,1.9492723941802979
5.202988147735596,1.947329044342041
6.405210971832275,1.9452323913574219
4.519869804382324,1.94343900680542
4.181640148162842,1.9417386054992676
10.260787963867188,1.939985752105713
3.906625747680664,1.9382259845733643
5.810046672821045,1.9369360208511353
7.257600784301758,1.935564637184143
6.692841053009033,1.9342074394226074
7.934213638305664,1.9327747821807861
7.798670291900635,1.931405782699585
7.300111293792725,1.9301116466522217
4.93494176864624,1.9290921688079834
4.905449390411377,1.9281768798828125
7.827211380004883,1.9271674156188965
9.999439239501953,1.9263720512390137
2.650688648223877,1.9257564544677734
6.2921319007873535,1.9251587390899658
4.202793121337891,1.924690842628479
4.809000492095947,1.9241732358932495
8.926165580749512,1.9236540794372559
7.4596710205078125,1.9230260848999023
7.368966579437256,1.922452688217163
7.6973114013671875,1.9220101833343506
4.172597408294678,1.921555757522583
4.4092535972595215,1.9210032224655151
7.912166118621826,1.9203821420669556
8.058731079101562,1.919546365737915
9.827807426452637,1.9188628196716309
6.406803131103516,1.9181922674179077
6.304688930511475,1.9171874523162842
5.847175598144531,1.9162732362747192
5.302981853485107,1.9154052734375
6.946863174438477,1.9143366813659668
11.396224975585938,1.913100242614746
4.470373630523682,1.9119679927825928
7.092748641967773,1.9110291004180908
4.807959079742432,1.9102272987365723
10.726262092590332,1.9093372821807861
6.798996448516846,1.9087059497833252
4.661001205444336,1.9084628820419312
5.250904560089111,1.9080133438110352
5.558969974517822,1.9076606035232544
8.504338264465332,1.9073030948638916
5.9572319984436035,1.9068078994750977
6.426909923553467,1.9060401916503906
9.017640113830566,1.9057822227478027
5.289639949798584,1.9053982496261597
5.046141624450684,1.9053187370300293
7.046271800994873,1.904929280281067
6.152683258056641,1.9045352935791016
2.6241912841796875,1.9042540788650513
7.989955425262451,1.9039264917373657
6.1313629150390625,1.9035542011260986
17.081653594970703,1.9033437967300415
5.565680027008057,1.9028185606002808
6.426385402679443,1.9023760557174683
6.045538425445557,1.902174472808838
7.815763473510742,1.9019618034362793
7.369557857513428,1.9017822742462158
9.183171272277832,1.9017107486724854
3.501854658126831,1.9017095565795898
5.770010471343994,1.9016368389129639
7.155254364013672,1.901641845703125
3.1596059799194336,1.9015852212905884
4.742082118988037,1.9018008708953857
6.608402252197266,1.9018895626068115
5.663919925689697,1.9017810821533203
5.748404026031494,1.901700496673584
8.917179107666016,1.901677131652832
3.3051955699920654,1.9014129638671875
5.049493789672852,1.9009819030761719
5.325928211212158,1.9004948139190674
6.447084903717041,1.8995468616485596
5.467988967895508,1.8986022472381592
7.279079437255859,1.898059606552124
6.849567413330078,1.8978508710861206
4.154514789581299,1.897242546081543
3.3153722286224365,1.896942138671875
5.549314975738525,1.896450400352478
5.369876384735107,1.8958988189697266
8.195048332214355,1.8955227136611938
6.4410176277160645,1.8948960304260254
4.135241508483887,1.8941667079925537
5.026737213134766,1.8936381340026855
3.326420783996582,1.893371820449829
6.329829692840576,1.8934574127197266
2.964067220687866,1.8934897184371948
14.180157661437988,1.8934485912322998
7.031703948974609,1.8934664726257324
5.109711170196533,1.8931819200515747
6.554590702056885,1.8930727243423462
5.035284519195557,1.8928282260894775
6.821674346923828,1.8921548128128052
8.830253601074219,1.8915138244628906
7.690308094024658,1.8903605937957764
3.9217710494995117,1.8891764879226685
2.972407341003418,1.888046383857727
6.417516231536865,1.8865222930908203
4.17595100402832,1.8855071067810059
8.114361763000488,1.8848873376846313
7.0367431640625,1.8840556144714355
6.966760158538818,1.8832132816314697
5.675798416137695,1.8824504613876343
4.833934783935547,1.8817435503005981
7.766912937164307,1.8809990882873535
8.546217918395996,1.8800995349884033
3.2358198165893555,1.8795521259307861
5.2002034187316895,1.8787695169448853
3.6692698001861572,1.8782358169555664
6.495698928833008,1.877729892730713
5.335049152374268,1.8774484395980835
5.263380527496338,1.877013921737671
10.096299171447754,1.876617670059204
8.425396919250488,1.8761390447616577
7.024590969085693,1.8757390975952148
6.186293125152588,1.8752057552337646
6.783043384552002,1.875077247619629
7.433757781982422,1.8749586343765259
5.008172035217285,1.874596357345581
3.445486068725586,1.8741610050201416
6.5795440673828125,1.8738423585891724
7.3974995613098145,1.8733007907867432
9.237610816955566,1.872576117515564
1.1958057880401611,1.8720860481262207
10.687827110290527,1.871703863143921
8.091341972351074,1.8711585998535156
5.376410007476807,1.8707783222198486
3.6075470447540283,1.869999885559082
3.493903875350952,1.8692760467529297
6.2749810218811035,1.868568778038025
2.6915760040283203,1.8679630756378174
10.403647422790527,1.867299199104309
3.886019706726074,1.8669569492340088
9.363327980041504,1.866377830505371
3.4093716144561768,1.865983009338379
2.946099042892456,1.8655683994293213
6.537120342254639,1.8649990558624268
8.714317321777344,1.8642878532409668
7.3820319175720215,1.8638341426849365
7.589635372161865,1.8635282516479492
9.472643852233887,1.8633562326431274
4.590756893157959,1.8632560968399048
10.627741813659668,1.8630380630493164
5.182897090911865,1.8628780841827393
6.868886470794678,1.8629132509231567
6.262836456298828,1.8631196022033691
7.790963649749756,1.863383173942566
5.7220916748046875,1.8636527061462402
7.535803318023682,1.8639209270477295
5.534663677215576,1.864093542098999
4.65854024887085,1.8643949031829834
10.828042030334473,1.864709496498108
7.254134654998779,1.8647668361663818
7.364939212799072,1.8645856380462646
